{"initial_reset_timestamp": 1710149975.3350306, "timestamps": [1710149987.5539784, 1710149987.8343308, 1710149988.1133637, 1710149988.398285, 1710149988.6854858, 1710149988.9827406, 1710149989.2757063, 1710149989.6923969, 1710149990.0145435, 1710149990.3847694, 1710149990.7119002, 1710149991.0959826, 1710149991.4592683, 1710149991.8148181, 1710149992.229187, 1710149992.6414073, 1710149993.0862968, 1710149993.6722322, 1710149994.3542447, 1710149995.0862138, 1710149995.7648447, 1710149996.5218697, 1710149997.2751284, 1710149998.0083966, 1710149998.7532134, 1710149999.5549302, 1710150000.377363, 1710150001.1864338, 1710150002.089209, 1710150002.900487, 1710150003.7191212, 1710150004.532331, 1710150005.3203585, 1710150006.1133893, 1710150006.942039, 1710150007.758254, 1710150008.5843349, 1710150009.40323, 1710150010.2238245, 1710150011.034378, 1710150011.8417187, 1710150012.6412013, 1710150013.4730668, 1710150014.3158207, 1710150015.1436892, 1710150015.9749596, 1710150016.7821167, 1710150017.627959, 1710150018.4646986, 1710150019.32008, 1710150020.1589298, 1710150020.9988136, 1710150021.8364813, 1710150022.665288, 1710150023.4881604, 1710150024.3205671, 1710150025.1437638, 1710150025.9828846, 1710150026.8284373, 1710150027.7476206, 1710150028.5732822, 1710150029.4145315, 1710150030.2744498, 1710150031.1260896, 1710150031.9766514, 1710150032.825546, 1710150033.6286492, 1710150034.4450722, 1710150035.2911413, 1710150036.1338973, 1710150036.9866602, 1710150037.8247418, 1710150038.6361613, 1710150039.463772, 1710150040.300889, 1710150041.1631505, 1710150042.001902, 1710150042.8716774, 1710150043.7236242, 1710150044.5680919, 1710150045.4255033, 1710150046.2529619, 1710150047.0583663, 1710150047.8645973, 1710150048.699633, 1710150049.5405552, 1710150050.3820379, 1710150051.2137434, 1710150052.1213863, 1710150052.9089925, 1710150053.78032, 1710150054.6691272, 1710150055.5209332, 1710150056.4440224, 1710150057.3706782, 1710150058.2681105, 1710150059.1733785, 1710150060.044156, 1710150060.9537945, 1710150061.8450086, 1710150062.7218225, 1710150063.5856535, 1710150063.8967662, 1710150064.4822993, 1710150064.8031604, 1710150065.421508, 1710150065.7359695, 1710150066.3088176, 1710150066.6279907, 1710150067.202696, 1710150067.5173585, 1710150068.1051815, 1710150068.4117963, 1710150068.9635463, 1710150069.2681358, 1710150069.8265665, 1710150070.143097, 1710150070.7060063, 1710150071.0110962, 1710150071.5591528, 1710150071.8627596, 1710150072.4133563, 1710150072.7176871, 1710150073.2815173, 1710150073.6024346, 1710150074.1676016, 1710150074.479061, 1710150075.0376346, 1710150075.3411505, 1710150075.8950317, 1710150076.2019587, 1710150076.7557318, 1710150077.0750039, 1710150077.6169727, 1710150077.9216113, 1710150078.4881437, 1710150078.8063924, 1710150079.3627918, 1710150079.6733255, 1710150080.2443645, 1710150080.5551772, 1710150081.109408, 1710150081.4202378, 1710150081.998086, 1710150082.4220617, 1710150082.9594986, 1710150083.2654848, 1710150083.7721574, 1710150084.0792122, 1710150084.6266782, 1710150084.9408116, 1710150085.5057113, 1710150085.8185182, 1710150086.399383, 1710150086.7303915, 1710150087.3266842, 1710150087.6385052, 1710150088.2161825, 1710150088.5250447, 1710150089.1000583, 1710150089.414863, 1710150089.9915192, 1710150090.3021166, 1710150090.8817382, 1710150091.1880994, 1710150091.7735844, 1710150092.0817213, 1710150092.6844907, 1710150093.0039651, 1710150093.565096, 1710150093.8789423, 1710150094.4555528, 1710150094.766317, 1710150095.3259952, 1710150095.6369298, 1710150096.2079127, 1710150096.519526, 1710150097.0711052, 1710150097.3870163, 1710150097.9680226, 1710150098.2806835, 1710150098.836777, 1710150099.152915, 1710150099.7113836, 1710150100.0287492, 1710150100.5856206, 1710150100.904394, 1710150101.4647343, 1710150101.77296, 1710150102.3439157, 1710150102.654468, 1710150103.2168634, 1710150103.5289497, 1710150104.094165, 1710150104.4117947, 1710150104.9753423, 1710150105.2834435, 1710150105.8683336, 1710150109.5019531, 1710150110.1643612, 1710150110.5345988, 1710150111.0881917, 1710150111.397874, 1710150111.948502, 1710150112.2593083, 1710150112.8242378, 1710150113.143478, 1710150113.7088454, 1710150114.0226185, 1710150114.5408485, 1710150114.8498385, 1710150115.4136827, 1710150115.732344, 1710150116.285533, 1710150116.618956, 1710150117.1913958, 1710150117.506927, 1710150118.0343192, 1710150118.470142, 1710150119.002682, 1710150119.320561, 1710150119.866806, 1710150120.1761444, 1710150120.682192, 1710150120.9928238, 1710150121.5005147, 1710150121.817999, 1710150122.3419344, 1710150122.6521194, 1710150123.2193155, 1710150123.5366375, 1710150124.1099594, 1710150124.425331, 1710150124.988738, 1710150125.303325, 1710150125.8557596, 1710150126.172255, 1710150126.746048, 1710150127.0557349, 1710150127.6115692, 1710150127.9277852, 1710150128.5003493, 1710150128.8161974, 1710150129.3470647, 1710150129.6643367, 1710150130.2151496, 1710150130.52513, 1710150131.0471988, 1710150131.3634357, 1710150131.8866925, 1710150132.203678, 1710150132.7398891, 1710150133.0579326, 1710150133.6002734, 1710150133.9163654, 1710150134.4867475, 1710150134.8111653, 1710150135.3900971, 1710150135.7075398, 1710150136.2757235, 1710150136.5839145, 1710150137.1547, 1710150137.4780846, 1710150138.051537, 1710150138.3698776, 1710150138.933864, 1710150139.2478633, 1710150139.8248057, 1710150140.1369896, 1710150140.6961913, 1710150141.008963, 1710150141.5778701, 1710150141.8834636, 1710150142.4328423, 1710150142.7436512, 1710150143.273669, 1710150143.5843482, 1710150144.152736, 1710150144.461447, 1710150145.0191011, 1710150145.3362224, 1710150145.9072661, 1710150146.2277114, 1710150146.793615, 1710150147.1100347, 1710150147.6729126, 1710150147.9927335, 1710150148.5602167, 1710150148.8804488, 1710150149.4672575, 1710150149.7872977, 1710150150.37512, 1710150150.6885183, 1710150151.2597144, 1710150151.5790212, 1710150152.1551225, 1710150152.4642882, 1710150153.0268009, 1710150153.3381763], "episode_lengths": [36, 13, 14, 9, 18, 19, 19, 10, 13, 30, 13, 41, 30, 25, 46, 46, 60, 121, 159, 189, 147, 200, 200, 181, 182, 200, 200, 200, 200, 200, 200, 200, 200, 200, 200, 200, 200, 200, 200, 200, 200, 200, 200, 200, 200, 200, 200, 200, 200, 200, 200, 200, 200, 200, 200, 200, 200, 200, 200, 200, 200, 200, 200, 200, 200, 200, 200, 200, 200, 200, 200, 200, 200, 200, 200, 200, 200, 200, 200, 200, 200, 200, 200, 200, 200, 200, 200, 200, 200, 200, 200, 200, 200, 200, 200, 200, 200, 200, 200, 200, 200, 200, 200, 200, 200, 200, 200, 200, 200, 200, 200, 200, 200, 200, 200, 200, 200, 200, 200, 200, 200, 200, 200, 200, 200, 200, 200, 200, 200, 200, 200, 200, 200, 200, 200, 200, 200, 200, 200, 200, 200, 200, 200, 200, 200, 200, 200, 200, 200, 200, 200, 200, 200, 200, 200, 200, 200, 200, 200, 200, 200, 200, 200, 200, 200, 200, 200, 200, 200, 200, 200, 200, 200, 200, 200, 200, 200, 200, 200, 200, 200, 200, 200, 200, 200, 200, 200, 200, 200, 200, 200, 200, 200, 200, 200, 200, 200, 200, 200, 200, 200, 200, 200, 200, 200, 200, 200, 200, 200, 200, 200, 200, 200, 200, 200, 200, 200, 200, 200, 200, 200, 200, 200, 200, 200, 200, 200, 200, 200, 200, 200, 200, 200, 200, 200, 200, 200, 200, 200, 200, 200, 200, 200, 200, 200, 200, 200, 200, 200, 200, 200, 200, 200, 200, 200, 200, 200, 200, 200, 200, 200, 200, 200, 200, 200, 200, 200, 200, 200, 200, 200, 200, 200, 200, 200, 200, 200, 200, 200, 200, 200, 200, 200, 200, 200, 200, 200, 200, 200, 200, 200, 200, 200, 200, 200, 200, 200, 200, 200],