{"initial_reset_timestamp": 1710821944.9307346, "timestamps": [1710821945.9835823, 1710821946.1660833, 1710821946.1795065, 1710821946.187869, 1710821946.1953118, 1710821946.2068186, 1710821946.8803337, 1710821947.0365925, 1710821947.1713636, 1710821947.3736572, 1710821947.4898314, 1710821947.6791956, 1710821947.7808516, 1710821947.8293285, 1710821947.862803, 1710821947.9023623, 1710821947.9388828, 1710821947.9719234, 1710821948.0098033, 1710821948.0442393, 1710821948.0771759, 1710821948.1321063, 1710821948.168262, 1710821948.232148, 1710821948.277962, 1710821948.3434954, 1710821948.424584, 1710821948.4726765, 1710821948.5327568, 1710821948.598426, 1710821948.640259, 1710821948.6888478, 1710821948.7175841, 1710821948.758258, 1710821948.8002248, 1710821948.8652704, 1710821948.9055278, 1710821948.939139, 1710821948.9716475, 1710821949.1203423, 1710821949.1582844, 1710821949.2033966, 1710821949.3396676, 1710821950.0546923, 1710821950.931696, 1710821951.415095, 1710821951.8213322, 1710821952.736256, 1710821953.4133122, 1710821954.0927808, 1710821955.5456896, 1710821956.1477122, 1710821956.6463435, 1710821957.7781723, 1710821959.0984952, 1710821960.1833186, 1710821961.3343604, 1710821963.0515463, 1710821963.6543546, 1710821964.0956995, 1710821964.8896458, 1710821966.1394763, 1710821966.6066313, 1710821966.9689395, 1710821967.5861957, 1710821969.7798846, 1710821971.8519058, 1710821973.550396, 1710821974.762712, 1710821975.1548848, 1710821975.982577, 1710821977.7296464, 1710821978.2585905, 1710821978.77474, 1710821979.2895603, 1710821979.8422055, 1710821980.650216, 1710821982.7268598, 1710821985.0070932, 1710821986.601482, 1710821988.8980958, 1710821991.0700266, 1710821992.8375318, 1710821993.8010716, 1710821994.4873912, 1710821996.201821, 1710821998.6292942, 1710822000.3146975, 1710822000.8250754, 1710822001.7788532, 1710822002.34391, 1710822003.0392203, 1710822004.078535, 1710822004.8928797, 1710822006.626697, 1710822008.58399, 1710822011.4307532, 1710822013.791188, 1710822015.6331568, 1710822016.3274198, 1710822016.8910713, 1710822017.45376, 1710822018.0399392, 1710822018.7584767, 1710822019.338961, 1710822021.6996047, 1710822022.7892582, 1710822023.4117208, 1710822024.9142892, 1710822026.122847, 1710822027.9879396, 1710822030.049044, 1710822031.823674, 1710822032.7153845, 1710822033.1585813, 1710822033.6161852, 1710822034.054724, 1710822034.52251, 1710822035.0501733, 1710822035.5071435, 1710822036.9329598, 1710822037.7004023, 1710822038.1496456, 1710822038.5955496, 1710822039.0521405, 1710822039.9897666, 1710822040.6084845, 1710822041.0617316, 1710822041.4769993, 1710822041.9001458, 1710822042.3780248, 1710822043.0951872, 1710822044.5462005, 1710822046.2601254, 1710822046.8257377, 1710822047.2536986, 1710822048.74193, 1710822050.3378801, 1710822051.9335568, 1710822053.5008352, 1710822053.9640574, 1710822054.4987304, 1710822054.9754214, 1710822055.4739637, 1710822055.9572282, 1710822056.4461887, 1710822056.9146965, 1710822057.41276, 1710822058.0877721, 1710822058.9464324, 1710822060.7547126, 1710822062.291673, 1710822062.3690734, 1710822062.4573677, 1710822062.5055063, 1710822064.0139148, 1710822064.080652, 1710822065.6519232, 1710822065.7337673, 1710822067.2394454, 1710822067.3193045, 1710822069.057254, 1710822069.1219018, 1710822070.616779, 1710822070.6893218, 1710822072.0980122, 1710822072.159186, 1710822073.0482469, 1710822073.0736706, 1710822073.9812598, 1710822074.0175374, 1710822074.817051, 1710822074.8522034, 1710822075.6820962, 1710822075.7275724, 1710822076.4267259, 1710822076.456306, 1710822077.8486161, 1710822077.9126022, 1710822078.8034842, 1710822078.8287122, 1710822079.8783882, 1710822079.9677784, 1710822080.908131, 1710822080.9343426, 1710822081.3649352, 1710822081.3887386, 1710822081.8198504, 1710822081.8437245, 1710822082.7712293, 1710822082.838543, 1710822084.1615846, 1710822084.1921482, 1710822084.9669468, 1710822084.992037, 1710822085.4588037, 1710822085.5491822, 1710822086.0352924, 1710822086.0618238, 1710822086.8509188, 1710822086.974763, 1710822088.4920716, 1710822088.5147054, 1710822089.1121767, 1710822089.1344976, 1710822089.7380533, 1710822089.7653506, 1710822090.2281199, 1710822090.2500453, 1710822090.9662776, 1710822090.9887936, 1710822091.851799, 1710822091.8736613, 1710822092.2819257, 1710822092.3127906, 1710822092.865243, 1710822092.9260776, 1710822094.1857872, 1710822094.2730424, 1710822095.4394834, 1710822095.5104716, 1710822096.8656535, 1710822096.9348235, 1710822098.015078, 1710822098.0358524, 1710822098.4106042, 1710822098.4355953, 1710822098.7948966, 1710822098.8176095, 1710822099.2206643, 1710822099.2429478, 1710822099.6263852, 1710822099.6501226, 1710822100.1361895, 1710822100.1728613, 1710822101.5612874, 1710822101.6315885, 1710822103.078545, 1710822103.1698244, 1710822104.695282, 1710822104.774663, 1710822105.7240114, 1710822105.8006957, 1710822106.3926454, 1710822106.4149992, 1710822106.8033628, 1710822106.8466117, 1710822107.4229102, 1710822107.446758, 1710822108.7633128, 1710822108.8326395, 1710822110.135735, 1710822110.1590264, 1710822110.6490881, 1710822110.6707768, 1710822111.1016324, 1710822111.1256359, 1710822111.5324082, 1710822111.5657623, 1710822112.1206787, 1710822112.1411598, 1710822112.5646641, 1710822112.5927262, 1710822113.720068, 1710822113.7421231, 1710822114.1349945, 1710822114.1570926, 1710822115.585602, 1710822115.660087, 1710822117.1974673, 1710822117.3128898, 1710822118.6333613, 1710822118.6577716, 1710822119.0844471, 1710822119.111426, 1710822119.5232537, 1710822119.5473397, 1710822120.4479783, 1710822120.4920607, 1710822121.6734517, 1710822121.7333198, 1710822122.293039, 1710822122.3271098, 1710822123.4613743, 1710822123.5543742, 1710822123.9627407, 1710822123.9852245, 1710822124.3613453, 1710822124.380634, 1710822125.1976988, 1710822125.218177, 1710822126.095054, 1710822126.1873634, 1710822127.855363, 1710822127.8837922, 1710822128.6520317, 1710822128.6745682, 1710822129.4753635, 1710822129.4955137, 1710822133.6751058, 1710822133.9069006, 1710822134.5374227, 1710822134.5576725, 1710822134.9872632, 1710822135.028683, 1710822135.4311447, 1710822135.471408, 1710822137.01504, 1710822137.10703, 1710822138.5109975, 1710822138.6618943, 1710822139.4902456, 1710822139.616937, 1710822140.1689765, 1710822140.1979008, 1710822140.7468355, 1710822140.7719002, 1710822141.295564, 1710822141.319263, 1710822142.7464368, 1710822142.8183084, 1710822144.6065693, 1710822144.6824255, 1710822146.413483, 1710822146.5238912, 1710822147.671229, 1710822147.7137737, 1710822148.813856, 1710822148.956838, 1710822150.2091172, 1710822150.5311701, 1710822153.3476162, 1710822153.437051, 1710822155.7918713, 1710822155.8794825, 1710822157.6335301, 1710822157.8440986, 1710822159.4874392, 1710822159.5741923, 1710822166.3659897, 1710822166.4586143, 1710822168.4307125, 1710822168.461195, 1710822170.2801373, 1710822170.3656383, 1710822173.3599813, 1710822173.456624, 1710822176.0728936, 1710822176.124941, 1710822177.3257422, 1710822177.3550138, 1710822185.585386, 1710822185.7034414, 1710822193.0901546, 1710822193.2393856, 1710822196.8545346, 1710822197.0541441, 1710822197.2132926, 1710822197.2479522, 1710822203.0211213, 1710822203.1059737, 1710822207.0827906, 1710822207.1221373, 1710822210.4905646, 1710822210.646174, 1710822215.002743, 1710822215.0687678, 1710822219.3869555, 1710822219.6211314, 1710822221.8444607, 1710822221.870509, 1710822222.6136208, 1710822222.7048779, 1710822223.3863728, 1710822223.4534597, 1710822223.9857736, 1710822224.0157013, 1710822224.7897887, 1710822224.821033, 1710822225.9824467, 1710822226.095068, 1710822227.4715688, 1710822227.5771673, 1710822229.7509348, 1710822229.9140391, 1710822231.229885, 1710822231.253517, 1710822232.2557158, 1710822232.3315842, 1710822233.2916076, 1710822233.3179798, 1710822234.2200696, 1710822234.257049, 1710822235.8007789, 1710822235.8344128, 1710822237.25363, 1710822237.2972646, 1710822238.8953173, 1710822238.9328272, 1710822239.5781379, 1710822239.6786666, 