{"initial_reset_timestamp": 1710928442.8488724, "timestamps": [1710928446.349505, 1710928446.6932786, 1710928447.0150056, 1710928447.3038187, 1710928447.5891697, 1710928447.916005, 1710928448.2053668, 1710928448.5114357, 1710928448.8342505, 1710928449.127346, 1710928449.440201, 1710928449.7288406, 1710928450.0151055, 1710928450.3041258, 1710928450.6009002, 1710928450.912981, 1710928451.2263565, 1710928451.521078, 1710928451.8598597, 1710928452.1799061, 1710928452.5374498, 1710928452.9197268, 1710928453.2908542, 1710928453.6378138, 1710928453.9744968, 1710928454.3071578, 1710928454.6566968, 1710928454.9848783, 1710928455.3575053, 1710928455.6912072, 1710928459.021025, 1710928459.4627812, 1710928459.8220625, 1710928460.1768181, 1710928460.5136251, 1710928460.8469975, 1710928461.2025247, 1710928461.5680528, 1710928461.901672, 1710928462.2766294, 1710928462.6591578, 1710928462.9978845, 1710928463.3307786, 1710928463.644407, 1710928463.9727397, 1710928464.2813923, 1710928464.5845225, 1710928464.8951676, 1710928465.22383, 1710928465.5759776, 1710928465.941041, 1710928466.3255413, 1710928466.6558597, 1710928466.9681647, 1710928467.3011093, 1710928467.637901, 1710928468.0269392, 1710928468.3783617, 1710928468.729249, 1710928469.0734684, 1710928472.4449954, 1710928472.8643289, 1710928473.2338333, 1710928473.5591316, 1710928473.9686751, 1710928474.332187, 1710928474.6702282, 1710928474.9950738, 1710928475.3106835, 1710928475.6404274, 1710928476.025206, 1710928476.405734, 1710928476.7629027, 1710928477.1457424, 1710928477.460282, 1710928477.7838962, 1710928478.109263, 1710928478.4237623, 1710928478.7838695, 1710928479.1339266, 1710928479.465996, 1710928479.7849987, 1710928480.1630514, 1710928480.541516, 1710928480.8674147, 1710928481.200623, 1710928481.5333316, 1710928481.9305644, 1710928482.232182, 1710928482.5536745, 1710928485.8879197, 1710928486.3342519, 1710928486.6971638, 1710928487.060102, 1710928487.4050643, 1710928487.7322571, 1710928488.057889, 1710928488.39857, 1710928488.7473993, 1710928489.0972736, 1710928489.4113955, 1710928489.7164042, 1710928490.0201156, 1710928490.3240206, 1710928490.6321592, 1710928490.9691544, 1710928491.4220347, 1710928491.7747009, 1710928492.13951, 1710928492.5135396, 1710928492.880098, 1710928493.227369, 1710928493.5733058, 1710928493.880175, 1710928494.2282119, 1710928494.5658948, 1710928494.903028, 1710928495.2550128, 1710928495.6477907, 1710928496.0337832, 1710928499.3961425, 1710928499.9144175, 1710928500.3332179, 1710928500.7834024, 1710928501.1475978, 1710928501.5454872, 1710928501.9868188, 1710928502.3768847, 1710928502.8054228, 1710928503.260687, 1710928503.6122267, 1710928503.9974055, 1710928504.42963, 1710928504.848241, 1710928505.2377841, 1710928505.574926, 1710928505.9018593, 1710928506.292288, 1710928506.7160647, 1710928507.1886072, 1710928507.5847135, 1710928507.9558167, 1710928508.3549845, 1710928508.7185314, 1710928509.1140316, 1710928509.4671931, 1710928509.8833919, 1710928510.267354, 1710928510.6398778, 1710928510.9972143, 1710928514.3659024, 1710928514.742002, 1710928515.1183717, 1710928515.502777, 1710928515.8827837, 1710928516.3274841, 1710928516.7250717, 1710928517.1339254, 1710928517.559777, 1710928517.9570746, 1710928518.3634653, 1710928518.7557604, 1710928519.2019522, 1710928519.5676632, 1710928519.9711337, 1710928520.375299, 1710928520.7835126, 1710928521.1488495, 1710928521.5123594, 1710928521.8965218, 1710928522.2946918, 1710928522.6582234, 1710928523.0530114, 1710928523.4680922, 1710928523.9092636, 1710928524.267984, 1710928524.6386635, 1710928524.9729302, 1710928525.3022618, 1710928525.6499603, 1710928529.0313828, 1710928529.465962, 1710928529.834727, 1710928530.2526872, 1710928530.662147, 1710928531.069484, 1710928531.4532993, 1710928531.8550296, 1710928532.2530665, 1710928532.5962307, 1710928532.9975102, 1710928533.3890529, 1710928533.7834797, 1710928534.1680331, 1710928534.5511258, 1710928534.9293368, 1710928535.307727, 1710928535.6874185, 1710928536.0663927, 1710928536.43291, 1710928536.8141253, 1710928537.187226, 1710928537.5236402, 1710928537.882341, 1710928538.2639248, 1710928538.622006, 1710928538.9941719, 1710928539.3578987, 1710928539.7043781, 1710928540.0415325, 1710928543.3945334, 1710928543.9271352, 1710928544.337679, 1710928544.7220545, 1710928545.1176565, 1710928545.5028512, 1710928545.8951027, 1710928546.2910867, 1710928546.6792004, 1710928547.0548046, 1710928547.4514472, 1710928547.7925417, 1710928548.134421, 1710928548.4977496, 1710928548.8577769, 1710928549.2264006, 1710928549.614826, 1710928549.9838107, 1710928550.3414314, 1710928550.7107978, 1710928551.080024, 1710928551.4684768, 1710928551.8533568, 1710928552.2498462, 1710928552.6362462, 1710928553.0266042, 1710928553.424434, 1710928553.8172777, 1710928554.250363, 1710928554.6912334, 1710928558.068243, 1710928558.5373323, 1710928558.9141133, 1710928559.2727299, 1710928559.6259253, 1710928560.0116508, 1710928560.3702824, 1710928560.755387, 1710928561.1701617, 1710928561.5926204, 1710928561.9954722, 1710928562.3761888, 1710928562.787865, 1710928563.173782, 1710928563.595007, 1710928563.976707, 1710928564.3611486, 1710928564.7409654, 1710928565.1382089, 1710928565.550294, 1710928565.9914327, 1710928566.3964007, 1710928566.80111, 1710928567.217681, 1710928567.593704, 1710928567.9721446, 1710928568.3396351, 1710928568.7423425, 1710928569.1401434, 1710928569.5572457, 1710928572.9296029, 1710928573.3690324, 1710928573.8067942, 1710928574.225662, 1710928574.6604173, 1710928575.0836983, 1710928575.5219014, 1710928575.9144073, 1710928576.2915905, 1710928576.677381, 1710928577.032347, 1710928577.4153852, 1710928577.7991753, 1710928578.1851506, 1710928578.5654504, 1710928578.9390397, 1710928579.3203611, 1710928579.7403443, 1710928580.1480212, 1710928580.5530891, 1710928580.9614525, 1710928581.4118505, 1710928581.8430657, 1710928582.2864459, 1710928582.705857, 1710928583.0816445, 1710928583.4453163, 1710928583.8207016, 1710928584.2272692, 1710928584.6027634], "episode_lengths": [200, 200, 200, 200, 200, 200, 200, 200, 200, 200, 200, 200, 200, 200, 200, 200, 200, 200, 200, 200, 200, 200, 200, 200, 200, 200, 200, 200, 200, 200, 200, 200, 200, 200, 200, 200, 200, 200, 200, 200, 200, 200, 200, 200, 200, 200, 200, 200, 200, 200, 200, 200, 200, 200, 200, 200, 200, 200, 200, 200, 200, 200, 200, 200, 200, 200, 200, 200, 200, 200, 200, 200, 200, 200, 200, 200, 200, 200, 200, 200, 200, 200, 200, 200, 200, 200, 200, 200, 200, 200, 200, 200, 200, 200, 200, 200, 200, 200, 200, 200, 200, 200, 200, 200, 200, 200, 200, 200, 200, 200, 200, 200, 200, 200, 200, 200, 200, 200, 200, 200, 200, 200, 200, 200, 200, 200, 200, 200, 200, 200, 200, 200, 200, 200, 200, 200, 200, 200, 200, 200, 200, 200, 200, 200, 200, 200, 200, 200, 200, 200, 200, 200, 200, 200, 200, 200, 200, 200, 200, 200, 200, 200, 200, 200, 200, 200, 200, 200, 200, 200, 200, 200, 200, 200, 200, 200, 200, 200, 200, 200, 200, 200, 200, 200, 200, 200, 200, 200, 200, 200, 200, 200, 200, 200, 200, 200, 200, 200, 200, 200, 200, 200, 200, 200, 200, 200, 200, 200, 200, 200, 200, 200, 200, 200, 200, 200, 200, 200, 200, 200, 200, 200, 200, 200, 200, 200, 200, 200, 200, 200, 200, 200, 200, 200, 200, 200, 200, 200, 200, 200, 200, 200, 200, 200, 200, 200, 200, 200, 200, 200, 200, 200, 200, 200, 200, 200, 200, 200, 200, 200, 200, 200, 200, 200, 200, 200, 200, 200, 200, 200, 200, 200, 200, 200, 200, 200, 200, 200, 200, 200, 200, 200, 200, 200, 200, 200, 200, 200, 200, 200, 200, 200, 200, 200, 200, 200, 200, 200, 200, 200],