{"initial_reset_timestamp": 2258.435834007, "timestamps": [2258.834273512, 2258.874437518, 2258.897135694, 2258.91928124, 2258.942686982, 2258.968641701, 2259.054394396, 2259.107489517, 2259.160429216, 2259.228704275, 2259.304441667, 2259.360802974, 2259.416318135, 2259.521016348, 2259.641342385, 2260.213233118, 2260.802405889, 2261.299776651, 2261.791721919, 2262.224931139, 2262.646134536], "episode_lengths": [18, 21, 14, 13, 18, 11, 57, 12, 10, 15, 13, 11, 14, 28, 32, 200, 200, 165, 174, 158, 155], "episode_rewards": [18.0, 21.0, 14.0, 13.0, 18.0, 11.0, 57.0, 12.0, 10.0, 15.0, 13.0, 11.0, 14.0, 28.0, 32.0, 200.0, 200.0, 165.0, 174.0, 158.0, 155.0], "episode_types": ["t", "t", "t", "t", "t", "t", "t", "t", "t", "t", "t", "t", "t", "t", "t", "t", "t", "t", "t", "t", "t", "t"]}