{"initial_reset_timestamp": 2276.173043727, "timestamps": [2276.63389905, 2276.680123514, 2276.702777049, 2276.727401966, 2276.749857759, 2276.7716325, 2276.806612585, 2276.863517068, 2276.960034882, 2277.012126805, 2277.066352379, 2277.244842588, 2277.336900861, 2277.536558353, 2277.782728352, 2278.06148761, 2278.285433048, 2278.491265068, 2278.692128646, 2278.89041913, 2279.10231951, 2279.530952464], "episode_lengths": [23, 25, 24, 19, 20, 10, 12, 13, 26, 11, 10, 56, 27, 64, 88, 99, 73, 69, 67, 67, 73, 155], "episode_rewards": [23.0, 25.0, 24.0, 19.0, 20.0, 10.0, 12.0, 13.0, 26.0, 11.0, 10.0, 56.0, 27.0, 64.0, 88.0, 99.0, 73.0, 69.0, 67.0, 67.0, 73.0, 155.0], "episode_types": ["t", "t", "t", "t", "t", "t", "t", "t", "t", "t", "t", "t", "t", "t", "t", "t", "t", "t", "t", "t", "t", "t", "t", "t"]}